{
  "静安":[121.4444,31.22884],
  "黄浦":[121.49295,31.22337],
  "长宁":[121.42462,31.22036],
  "浦东":[121.5447,31.22249],
  "嘉定":[121.2655,31.37473],
  "徐汇":[121.43676,31.18831],
  "宝山":[121.4891,31.4045],
  "青浦":[121.12417,31.14974],
  "虹口":[121.48162,31.27788],
  "奉贤":[121.47412,30.9179],
  "杨浦":[121.526,31.2595],
  "普陀":[121.39703,31.24951],
  "松江":[121.22879,31.03222],
  "闵行":[121.38162,31.11246],
  "金山":[121.34164,30.74163],
  "崇明":[121.39758,31.62278],
  "朝阳":[116.48548,39.9484],
  "怀柔":[116.63168,40.31602],
  "大兴":[116.34149,39.72668],
  "顺义":[116.65417,40.1302],
  "延庆":[115.97494,40.45672],
  "石景山":[116.2229,39.90564],
  "密云":[116.84295,40.37618],
  "门头沟":[116.10137,39.94043],
  "通州":[116.65716,39.90966],
  "昌平":[116.2312,40.22072],
  "西城":[116.36003,39.9305],
  "海淀":[116.29812,39.95931],
  "丰台":[116.28625,39.8585],
  "东城":[116.41005,39.93157],
  "房山":[116.14257,39.74786],
  "北辰区":[117.13217,39.22131],
  "宝坻区":[117.3103,39.71761],
  "河北区":[117.19697,39.14816],
  "津南区":[117.38537,38.99139],
  "南开区":[117.15074,39.13821],
  "河东区":[117.22562,39.12318],
  "滨海新区":[117.70162,39.02668],
  "和平区":[117.21456,39.11718],
  "武清区":[117.04443,39.38415],
  "东丽区":[117.31436,39.0863],
  "河西区":[117.22327,39.10959],
  "西青区":[117.00927,39.14123],
  "红桥区":[117.15145,39.16715],
  "涪陵区":[107.39007,29.70292],
  "大足区":[105.768121,29.484025],
  "綦江区":[106.926779,28.960656],
  "九龙坡区":[106.51107,29.50197],
  "丰都县":[107.73098,29.86348],
  "铜梁区":[106.054948,29.839944],
  "南岸区":[106.56347,29.52311],
  "沙坪坝区":[106.45752,29.54113],
  "江北区":[106.57434,29.60658],
  "万州区":[108.40869,30.80788],
  "巴南区":[106.52365,29.38311],
  "渝中区":[106.56901,29.55279],
  "垫江县":[107.35446,30.33359],
  "云阳县":[108.69726,30.93062],
  "奉节县":[109.46478,31.01825],
  "长寿区":[107.08166,29.85359],
  "渝北区":[106.6307,29.7182],
  "忠县":[108.03689,30.28898],
  "合川区":[106.27633,29.97227],
  "巫溪县":[109.63128,31.39756],
  "大渡口区":[106.48262,29.48447],
  "巫山县":[109.87814,31.07458],
  "璧山区":[106.231126,29.593581],
  "永川区":[105.927,29.35593],
  "江津区":[106.25912,29.29008],
  "城口县":[108.66513,31.94801],
  "黔江区":[108.7709,29.5332],
  "广州":[113.280637,23.125178],
  "广州南":[113.280637,23.125178],
  "深圳":[114.085947,22.547],
  "佛山":[113.122717,23.028762],
  "东莞":[113.760234,23.048884],
  "潮州":[116.632301,23.661701],
  "湛江":[110.405529,21.195338],
  "汕尾":[115.364238,22.774485],
  "中山":[113.382391,22.521113],
  "河源":[114.697802,23.746266],
  "珠海":[113.552724,22.255899],
  "汕头":[116.708463,23.37102],
  "揭阳":[116.355733,23.543778],
  "江门":[113.094942,22.590431],
  "梅州":[116.117582,24.299112],
  "肇庆":[112.472529,23.051546],
  "阳江":[111.975107,21.859222],
  "惠州":[114.412599,23.079404],
  "茂名":[110.919229,21.659751],
  "韶关":[113.591544,24.801322],
  "清远":[113.036779,23.704188],
  "昭通":[103.717216,27.336999],
  "昆明":[102.712251,25.040609],
  "昆明南":[102.712251,25.040609],
  "保山":[99.167133,25.111802],
  "玉溪":[102.543907,24.350461],
  "红河":[103.384182,23.366775],
  "曲靖":[103.797851,25.501557],
  "大理":[100.240037,25.592765],
  "普洱":[100.972344,22.777321],
  "丽江":[100.233026,26.872108],
  "临沧":[100.08697,23.886567],
  "莆田":[119.007558,25.431011],
  "漳州":[117.661801,24.510897],
  "宁德":[119.527082,26.65924],
  "龙岩":[117.02978,25.091603],
  "南平":[118.178459,26.635627],
  "三明":[117.635001,26.265444],
  "泉州":[118.589421,24.908853],
  "厦门":[118.11022,24.490474],
  "福州":[119.306239,26.075302],
  "金华":[119.649506,29.089524],
  "丽水":[119.921786,28.451993],
  "舟山":[122.106863,30.016028],
  "衢州":[118.87263,28.941708],
  "台州":[121.428599,28.661378],
  "绍兴":[120.582112,29.997117],
  "嘉兴":[120.750865,30.762653],
  "湖州":[120.102398,30.867198],
  "宁波":[121.549792,29.868388],
  "杭州":[120.153576,30.287459],
  "温州":[120.672111,28.000575],
  "眉山":[103.831788,30.048318],
  "雅安":[103.001033,29.987722],
  "德阳":[104.398651,31.127991],
  "泸州":[105.443348,28.889138],
  "自贡":[104.773447,29.352765],
  "攀枝花":[101.716007,26.580446],
  "凉山":[102.258746,27.886762],
  "甘孜":[101.963815,30.050663],
  "阿坝":[102.221374,31.899792],
  "资阳":[104.641917,30.122211],
  "成都":[104.065735,30.659462],
  "成都东":[104.065735,30.659462],
  "巴中":[106.753669,31.858809],
  "达州":[107.502262,31.209484],
  "广安":[106.633369,30.456398],
  "宜宾":[104.630825,28.760189],
  "南充":[106.082974,30.795281],
  "乐山":[103.761263,29.582024],
  "内江":[105.066138,29.58708],
  "遂宁":[105.571331,30.513311],
  "广元":[105.829757,32.433668],
  "绵阳":[104.741722,31.46402],
  "张家界":[110.479921,29.127401],
  "娄底":[112.008497,27.728136],
  "怀化":[109.97824,27.550082],
  "永州":[111.608019,26.434516],
  "郴州":[113.032067,25.793589],
  "益阳":[112.355042,28.570066],
  "常德":[111.691347,29.040225],
  "岳阳":[113.132855,29.37029],
  "邵阳":[111.46923,27.237842],
  "湘潭":[112.925083,27.846725],
  "株洲":[113.151737,27.835806],
  "衡阳":[112.607693,26.900358],
  "衡阳东":[112.607693,26.900358],
  "长沙":[112.982279,28.19409],
  "徐州":[117.184811,34.261792],
  "宿迁":[118.293328,33.945154],
  "南通":[120.864608,32.016212],
  "苏州":[120.619585,31.299379],
  "南京":[118.767413,32.041544],
  "无锡":[120.301663,31.574729],
  "盐城":[120.139998,33.377631],
  "连云港":[119.178821,34.600018],
  "淮安":[119.021265,33.597506],
  "镇江":[119.452753,32.204402],
  "常州":[119.946973,31.772752],
  "扬州":[119.421003,32.393159],
  "泰州":[119.915176,32.484882],
  "渭南":[109.502882,34.499381],
  "咸阳":[108.705117,34.333439],
  "汉中":[107.028621,33.077668],
  "西安":[108.948024,34.263161],
  "榆林":[109.741193,38.290162],
  "商洛":[109.939776,33.868319],
  "铜川":[108.963122,34.90892],
  "延安":[109.49081,36.596537],
  "宝鸡":[107.14487,34.369315],
  "安康":[109.029273,32.6903],
  "许昌":[113.826063,34.022956],
  "周口":[114.649653,33.620357],
  "南阳":[112.540918,32.999082],
  "信阳":[114.075031,32.123274],
  "郑州":[113.665412,34.757975],
  "新乡":[113.883991,35.302616],
  "安阳":[114.352482,36.103442],
  "漯河":[114.026405,33.575855],
  "商丘":[115.650497,34.437054],
  "驻马店":[114.024736,32.980169],
  "焦作":[113.238266,35.23904],
  "开封":[114.341447,34.797049],
  "平顶山":[113.307718,33.735241],
  "洛阳":[112.434468,34.663041],
  "濮阳":[115.041299,35.768234],
  "鹤壁":[114.295444,35.748236],
  "三门峡":[111.194099,34.777338],
  "滁州":[118.316264,32.303627],
  "合肥":[117.283042,31.86119],
  "阜阳":[115.819729,32.896969],
  "宣城":[118.757995,30.945667],
  "池州":[117.489157,30.656037],
  "亳州":[115.782939,33.869338],
  "宿州":[116.984084,33.633891],
  "六安":[116.507676,31.752889],
  "黄山":[118.317325,29.709239],
  "安庆":[117.053571,30.524816],
  "铜陵":[117.816576,30.929935],
  "淮北":[116.794664,33.971707],
  "马鞍山":[118.507906,31.689362],
  "淮南":[117.025449,32.645947],
  "蚌埠":[117.36237,32.934037],
  "芜湖":[118.376451,31.326319],
  "丹东":[124.383044,40.124296],
  "沈阳":[123.429096,41.796767],
  "大连":[121.618622,38.91459],
  "铁岭":[123.844279,42.290585],
  "抚顺":[123.921109,41.875956],
  "朝阳":[120.451176,41.576758],
  "营口":[122.235151,40.667432],
  "葫芦岛":[120.856394,40.755572],
  "鞍山":[122.995632,41.110626],
  "锦州":[121.135742,41.119269],
  "盘锦":[122.06957,41.124484],
  "阜新":[121.648962,42.011796],
  "本溪":[123.770519,41.297909],
  "辽阳":[123.18152,41.269402],
  "武汉":[114.298572,30.584355],
  "宜昌":[111.290843,30.702636],
  "荆州":[112.23813,30.326857],
  "十堰":[110.785239,32.647017],
  "孝感":[113.926655,30.926423],
  "黄石":[115.077048,30.220074],
  "荆门":[112.204251,31.03542],
  "黄冈":[114.879365,30.447711],
  "襄阳":[112.144146,32.042426],
  "鄂州":[114.890593,30.396536],
  "随州":[113.37377,31.717497],
  "咸宁":[114.328963,29.832798],
  "呼伦贝尔":[119.758168,49.215333],
  "包头":[109.840405,40.658168],
  "呼和浩特":[111.670801,40.818311],
  "乌兰察布":[113.114543,41.034126],
  "锡林郭勒":[116.090996,43.944018],
  "赤峰":[118.956806,42.275317],
  "通辽":[122.263119,43.617429],
  "鄂尔多斯":[109.99029,39.817179],
  "巴彦淖尔":[107.416959,40.757402],
  "兴安盟":[122.070317,46.076268],
  "乌海":[106.825563,39.673734],
  "银川":[106.278179,38.46637],
  "吴忠":[106.199409,37.986165],
  "固原":[106.285241,36.004561],
  "中卫":[105.189568,37.514951],
  "石嘴山":[106.376173,39.01333],
  "两江新区":[106.463344,29.729153],
  "海口":[110.33119,20.031971],
  "三亚":[109.508268,18.247872],
  "桂林":[110.299121,25.274215],